dataset,model,explanation_drift,performance_drift,early_warning_index,drift_ratio,explanation_threshold,performance_threshold,gap_ci_low,gap_ci_high,verdict
original,logistic_regression,0.0,0.0,0.0,,0.04886643253998229,0.08535380334542657,0.0,0.0,no drift detected
age_moderate,logistic_regression,0.0034614045129208394,0.005364109980097537,-0.0019027054671766973,0.64528962414337,0.04886643253998229,0.08535380334542657,-0.0066636357092450865,0.0036191335110558978,no drift detected
age_severe,logistic_regression,0.013430601751318888,0.01316354360649978,0.00026705814481910693,1.020287709206755,0.04886643253998229,0.08535380334542657,-0.010259260856346826,0.01171879142433296,no drift detected
credit_limit_moderate,logistic_regression,0.007406498546777784,0.006034468677021031,0.001372029869756753,1.2273654804078076,0.04886643253998229,0.08535380334542657,-0.0072032773697336735,0.007857053318812488,no drift detected
credit_limit_severe,logistic_regression,0.022705288040636186,0.0,0.022705288040636186,,0.04886643253998229,0.08535380334542657,0.0061006750056637,0.02396693753037037,no drift detected
payment_amount_moderate,logistic_regression,0.033543838062343775,0.004687563140052877,0.028856274922290898,7.155922397232049,0.04886643253998229,0.08535380334542657,0.0018681262587164453,0.03496523888398811,no drift detected
payment_amount_severe,logistic_regression,0.036295631272681365,0.00831159040321893,0.027984040869462434,4.36686957752691,0.04886643253998229,0.08535380334542657,-0.0018800671602981723,0.039070826176863444,no drift detected
mixed_moderate,logistic_regression,0.048357765246511204,0.009917208183376101,0.0384405570631351,4.876147031739414,0.04886643253998229,0.08535380334542657,0.008830646246446371,0.04765900351932597,no drift detected
mixed_severe,logistic_regression,0.08093815211291022,0.014918571177975857,0.06601958093493436,5.4253286824410125,0.04886643253998229,0.08535380334542657,0.0325321240261792,0.08294697748415437,explanation drift only
original,gradient_boosting,0.0,0.0,0.0,,0.025054847444933064,0.0714923512063717,0.0,0.0,no drift detected
age_moderate,gradient_boosting,0.007768790136967847,0.0015602330768782027,0.006208557060089644,4.979249736527863,0.025054847444933064,0.0714923512063717,0.0029795586149916524,0.009570064422333486,no drift detected
age_severe,gradient_boosting,0.01816554855178642,0.0014632615707476035,0.016702286981038816,12.41442330950122,0.025054847444933064,0.0714923512063717,0.009524371115975422,0.021049123839989765,no drift detected
credit_limit_moderate,gradient_boosting,0.0129888372250924,0.0012667063345516356,0.011722130890540763,10.25402405498346,0.025054847444933064,0.0714923512063717,0.005914412488033567,0.015670922645756778,no drift detected
credit_limit_severe,gradient_boosting,0.02577640835968817,0.0015426521979755357,0.02423375616171263,16.70915089837829,0.025054847444933064,0.0714923512063717,0.011570863093700066,0.03034530958809844,explanation drift only
payment_amount_moderate,gradient_boosting,0.022298176406709908,0.008571592032312296,0.013726584374397612,2.601404304200732,0.025054847444933064,0.0714923512063717,0.008507815040480466,0.02421962151585803,no drift detected
payment_amount_severe,gradient_boosting,0.0412424461401537,0.007050930366836877,0.034191515773316826,5.849220456655212,0.025054847444933064,0.0714923512063717,0.026056631102463583,0.06927734163826525,explanation drift only
mixed_moderate,gradient_boosting,0.0648002331089505,0.015652859562467068,0.049147373546483436,4.139833546090875,0.025054847444933064,0.0714923512063717,0.023838798200296486,0.09318591760473366,explanation drift only
mixed_severe,gradient_boosting,0.1623685944395015,0.03640867263426765,0.12595992180523385,4.4596131276338005,0.025054847444933064,0.0714923512063717,0.07194466417806832,0.16557701678709424,explanation drift only
