dataset,model,top_k_overlap_loss,rank_disagreement,distribution_shift,importance_reallocation,explanation_drift_score
original,logistic_regression,0.0,0.0,0.0,0.0,0.0
age_moderate,logistic_regression,0.0,0.0004940711462450564,0.012423514698702893,0.0009280322067354084,0.0034614045129208394
age_severe,logistic_regression,0.0,0.00494071146245062,0.023901165282834886,0.024880530259990045,0.013430601751318888
credit_limit_moderate,logistic_regression,0.0,0.0,0.009722558881130295,0.019903435305980842,0.007406498546777784
credit_limit_severe,logistic_regression,0.0,0.0004940711462450564,0.016404326616026265,0.07392275440027342,0.022705288040636186
payment_amount_moderate,logistic_regression,0.09999999999999998,0.0019762845849801702,0.02304192945638232,0.00915713820801264,0.033543838062343775
payment_amount_severe,logistic_regression,0.09999999999999998,0.0014822134387351138,0.03225413960072422,0.011446172051266154,0.036295631272681365
mixed_moderate,logistic_regression,0.09999999999999998,0.005434782608695621,0.06576834017817607,0.022227938199173156,0.048357765246511204
mixed_severe,logistic_regression,0.09999999999999998,0.01037549407114624,0.11998037086557779,0.09339674351491689,0.08093815211291022
original,gradient_boosting,0.0,0.0,0.0,0.0,0.0
age_moderate,gradient_boosting,0.0,0.0,0.028238571238334176,0.0028365893095372123,0.007768790136967847
age_severe,gradient_boosting,0.0,0.006422924901185734,0.05530400286690444,0.010935266439055496,0.01816554855178642
credit_limit_moderate,gradient_boosting,0.0,0.0004940711462450564,0.04039245669968666,0.011068821054437874,0.0129888372250924
credit_limit_severe,gradient_boosting,0.0,0.002470355731225282,0.07737482826650117,0.02326044944102621,0.02577640835968817
payment_amount_moderate,gradient_boosting,0.0,0.0004940711462450564,0.08014136436005011,0.008557270120544467,0.022298176406709908
payment_amount_severe,gradient_boosting,0.0,0.005928853754940677,0.14180324920282547,0.017237681602848654,0.0412424461401537
mixed_moderate,gradient_boosting,0.0,0.037549407114624456,0.16460336059367386,0.05704816472750368,0.0648002331089505
mixed_severe,gradient_boosting,0.19999999999999996,0.091897233201581,0.2541262051042421,0.10345093945218287,0.1623685944395015
