feature,original,age_moderate,age_severe,credit_limit_moderate,credit_limit_severe,payment_amount_moderate,payment_amount_severe,mixed_moderate,mixed_severe
pay_0,0.37236605643033216,0.37236605643033216,0.37236605643033216,0.37236605643033216,0.37236605643033216,0.37236605643033216,0.37236605643033216,0.37236605643033216,0.37236605643033216
bill_amt1,0.18399929889502034,0.18399929889502034,0.18399929889502034,0.18399929889502034,0.18399929889502034,0.18399929889502034,0.18399929889502034,0.18601752849513567,0.19319096247014922
limit_bal,0.11666778120371533,0.11666778120371533,0.11666778120371533,0.14862444944868292,0.24294219745727988,0.11666778120371533,0.11666778120371533,0.14926543494506495,0.24584873369464333
education,0.07630839232933326,0.07630839232933326,0.07630839232933326,0.07630839232933326,0.07630839232933326,0.07630839232933326,0.07630839232933326,0.07630839232933326,0.07630839232933326
pay_amt1,0.07241228652718243,0.07241228652718243,0.07241228652718243,0.07241228652718243,0.07241228652718243,0.06970491602477352,0.07174106260820738,0.06728343306828029,0.06209487411964724
marriage,0.07115069946656559,0.07115069946656559,0.07115069946656559,0.07115069946656559,0.07115069946656559,0.07115069946656559,0.07115069946656559,0.07115069946656559,0.07115069946656559
pay_2,0.06816755387623995,0.06816755387623995,0.06816755387623995,0.06816755387623995,0.06816755387623995,0.06816755387623995,0.06816755387623995,0.06816755387623995,0.06816755387623995
age,0.06738407802011509,0.06879102594668628,0.10607745172820145,0.06738407802011509,0.06738407802011509,0.06738407802011509,0.06738407802011509,0.06921932663632047,0.10678178595455756
pay_3,0.05977653456008994,0.05977653456008994,0.05977653456008994,0.05977653456008994,0.05977653456008994,0.05977653456008994,0.05977653456008994,0.05977653456008994,0.05977653456008994
pay_amt2,0.05926979867237725,0.05926979867237725,0.05926979867237725,0.05926979867237725,0.05926979867237725,0.052528835145731034,0.049647209411933416,0.04916759307561294,0.04680360698451902
sex,0.05599176789281607,0.05599176789281607,0.05599176789281607,0.05599176789281607,0.05599176789281607,0.05599176789281607,0.05599176789281607,0.05599176789281607,0.05599176789281607
bill_amt2,0.047300572690063616,0.047300572690063616,0.047300572690063616,0.047300572690063616,0.047300572690063616,0.047300572690063616,0.047300572690063616,0.04786047052526954,0.0497507593506285
pay_4,0.0389697568214691,0.0389697568214691,0.0389697568214691,0.0389697568214691,0.0389697568214691,0.0389697568214691,0.0389697568214691,0.0389697568214691,0.0389697568214691
bill_amt5,0.03105313834519189,0.03105313834519189,0.03105313834519189,0.03105313834519189,0.03105313834519189,0.03105313834519189,0.03105313834519189,0.031080329019768455,0.03208585593344337
bill_amt4,0.031005714538596883,0.031005714538596883,0.031005714538596883,0.031005714538596883,0.031005714538596883,0.031005714538596883,0.031005714538596883,0.031175420500203662,0.03230917917605573
bill_amt6,0.025842994860824184,0.025842994860824184,0.025842994860824184,0.025842994860824184,0.025842994860824184,0.025842994860824184,0.025842994860824184,0.02579388198102611,0.026461112234226526
bill_amt3,0.022992460531157822,0.022992460531157822,0.022992460531157822,0.022992460531157822,0.022992460531157822,0.022992460531157822,0.022992460531157822,0.02306878619721454,0.023893806577192863
pay_amt4,0.009745448148532176,0.009745448148532176,0.009745448148532176,0.009745448148532176,0.009745448148532176,0.007655421537140691,0.006548049897089051,0.007504883730721893,0.007205946515711421
pay_amt6,0.009014074570331274,0.009014074570331274,0.009014074570331274,0.009014074570331274,0.009014074570331274,0.008268197029490413,0.008094787707625308,0.007848820890749005,0.006962731466377795
pay_amt3,0.00884086709681414,0.00884086709681414,0.00884086709681414,0.00884086709681414,0.00884086709681414,0.0068251666312628,0.005681041547415688,0.0067618445149297875,0.0060742888866807225
pay_amt5,0.005635536126232415,0.005635536126232415,0.005635536126232415,0.005635536126232415,0.005635536126232415,0.005161341371074426,0.005052297435181604,0.004999363357712069,0.004387944677556665
pay_5,0.00518250104669167,0.00518250104669167,0.00518250104669167,0.00518250104669167,0.00518250104669167,0.00518250104669167,0.00518250104669167,0.00518250104669167,0.00518250104669167
pay_6,0.004819215093070178,0.004819215093070178,0.004819215093070178,0.004819215093070178,0.004819215093070178,0.004819215093070178,0.004819215093070178,0.004819215093070178,0.004819215093070178
