dataset,mean_psi,max_psi,mean_wasserstein_norm,n_features_major_shift,severity_label
original,0.0,0.0,0.0,0,stable
age_moderate,0.02780468618556531,0.6395077822680022,0.023323878350531065,1,major
age_severe,0.1478885658757049,3.4014370151412128,0.058309695876327665,1,major
credit_limit_moderate,0.004724134786826652,0.108655100097013,0.01945679395990905,0,moderate
credit_limit_severe,0.027987534551047806,0.6437132946740995,0.06205220208705901,1,major
payment_amount_moderate,0.03558606540478596,0.16295324075106324,0.025612431381582337,0,moderate
payment_amount_severe,0.16070367463467713,0.8339459209227382,0.0482455815543664,6,major
mixed_moderate,0.1909823896027403,0.7610059576571568,0.0704902986848535,6,major
mixed_severe,0.44356601396252665,2.6809286484431722,0.17223624245701305,12,major
